{
  "version": "3.86.32028.0",
  "course_id": "6jAke9hBlPL",
  "title": "Untitled1",
  "thumbnail": "story_content/thumbnail.jpg",
  "scenes": [
    {
      "title": "Untitled Scene"
    }
  ],
  "slides": [
    {
      "id": "6apBGXKrkeQ",
      "title": "Untitled Slide",
      "scene_index": "1.1"
    },
    {
      "id": "5lmM5B97tqP",
      "title": "SA questions",
      "scene_index": "1.2"
    }
  ],
  "player": {
    "name": "unified",
    "width": 980,
    "height": 635
  },
  "stage": {
    "width": 720,
    "height": 540
  }
}